symptoms,disease
"mild fever, body ache, sore throat",Common Cold
"sneezing, cough, runny nose, sore throat",Common Cold
"sneezing, body ache, runny nose, sore throat, mild fever",Common Cold
"runny nose, mild fever, body ache",Common Cold
"body ache, runny nose, mild fever, cough, sneezing",Common Cold
"body ache, mild fever, runny nose",Common Cold
"sneezing, cough, sore throat, mild fever, body ache",Common Cold
"sore throat, cough, mild fever, body ache, runny nose",Common Cold
"cough, runny nose, body ache, sore throat",Common Cold
"sore throat, body ache, sneezing, cough",Common Cold
"sneezing, runny nose, body ache, cough, sore throat",Common Cold
"sore throat, mild fever, sneezing, runny nose, body ache",Common Cold
"runny nose, cough, sore throat",Common Cold
"mild fever, body ache, cough, sore throat",Common Cold
"sore throat, body ache, sneezing, mild fever",Common Cold
"sneezing, cough, runny nose",Common Cold
"cough, sore throat, runny nose",Common Cold
"sneezing, sore throat, mild fever, cough, body ache",Common Cold
"sore throat, mild fever, cough, sneezing, runny nose",Common Cold
"body ache, mild fever, cough, runny nose, sore throat",Common Cold
"fatigue, high fever, headache, sore throat, cough",Flu (Influenza)
"severe body ache, fatigue, high fever",Flu (Influenza)
"headache, high fever, fatigue, sore throat",Flu (Influenza)
"cough, severe body ache, sore throat",Flu (Influenza)
"sore throat, cough, high fever, fatigue",Flu (Influenza)
"fatigue, sore throat, headache",Flu (Influenza)
"cough, severe body ache, headache",Flu (Influenza)
"fatigue, sore throat, high fever, cough, severe body ache",Flu (Influenza)
"headache, fatigue, sore throat, high fever, cough",Flu (Influenza)
"sore throat, cough, high fever, severe body ache",Flu (Influenza)
"cough, fatigue, sore throat",Flu (Influenza)
"fatigue, sore throat, high fever",Flu (Influenza)
"fatigue, headache, high fever",Flu (Influenza)
"cough, sore throat, headache, fatigue",Flu (Influenza)
"fatigue, sore throat, severe body ache, high fever",Flu (Influenza)
"high fever, cough, severe body ache, fatigue",Flu (Influenza)
"sore throat, severe body ache, headache, fatigue",Flu (Influenza)
"headache, severe body ache, fatigue, high fever, sore throat",Flu (Influenza)
"severe body ache, fatigue, headache, cough",Flu (Influenza)
"fatigue, high fever, headache, cough",Flu (Influenza)
"loss of taste, dry cough, fever",COVID-19
"breathing difficulty, fatigue, dry cough, loss of smell",COVID-19
"loss of smell, fever, loss of taste, breathing difficulty",COVID-19
"fever, loss of smell, loss of taste, fatigue",COVID-19
"fever, fatigue, breathing difficulty",COVID-19
"dry cough, loss of smell, fatigue, breathing difficulty",COVID-19
"loss of smell, dry cough, fever, breathing difficulty",COVID-19
"fatigue, loss of smell, fever, loss of taste",COVID-19
"dry cough, loss of smell, fatigue, fever",COVID-19
"fever, dry cough, fatigue, breathing difficulty, loss of taste",COVID-19
"loss of smell, breathing difficulty, dry cough",COVID-19
"fever, fatigue, breathing difficulty, loss of smell",COVID-19
"loss of smell, loss of taste, fever",COVID-19
"fatigue, loss of taste, fever, breathing difficulty",COVID-19
"dry cough, fatigue, loss of taste, loss of smell",COVID-19
"fever, loss of taste, breathing difficulty, fatigue, dry cough",COVID-19
"loss of taste, fatigue, fever",COVID-19
"breathing difficulty, fatigue, loss of taste, fever",COVID-19
"fever, loss of smell, dry cough, fatigue",COVID-19
"breathing difficulty, loss of smell, dry cough, fever, loss of taste",COVID-19
"headache, sweating, vomiting, muscle pain",Malaria
"sweating, nausea, high fever, muscle pain, vomiting",Malaria
"nausea, headache, high fever, sweating, chills",Malaria
"chills, vomiting, muscle pain, high fever, headache",Malaria
"sweating, headache, high fever, nausea",Malaria
"vomiting, chills, high fever, headache, sweating",Malaria
"headache, sweating, vomiting",Malaria
"sweating, vomiting, nausea",Malaria
"muscle pain, high fever, vomiting",Malaria
"nausea, chills, headache, vomiting",Malaria
"high fever, vomiting, headache",Malaria
"vomiting, headache, nausea",Malaria
"muscle pain, chills, nausea",Malaria
"chills, sweating, high fever",Malaria
"headache, chills, vomiting",Malaria
"headache, high fever, muscle pain, sweating, vomiting",Malaria
"vomiting, headache, muscle pain",Malaria
"muscle pain, vomiting, sweating",Malaria
"chills, headache, vomiting",Malaria
"headache, sweating, nausea, muscle pain",Malaria
"pain behind eyes, muscle pain, severe headache, joint pain, rash",Dengue
"rash, severe headache, pain behind eyes",Dengue
"joint pain, rash, pain behind eyes, high fever",Dengue
"joint pain, rash, severe headache",Dengue
"joint pain, pain behind eyes, muscle pain, high fever, rash",Dengue
"severe headache, high fever, rash",Dengue
"joint pain, muscle pain, pain behind eyes",Dengue
"muscle pain, high fever, joint pain",Dengue
"high fever, severe headache, rash, joint pain",Dengue
"pain behind eyes, high fever, severe headache",Dengue
"pain behind eyes, muscle pain, joint pain, severe headache",Dengue
"rash, pain behind eyes, high fever",Dengue
"pain behind eyes, joint pain, high fever, rash, severe headache",Dengue
"pain behind eyes, rash, muscle pain, severe headache, joint pain",Dengue
"high fever, joint pain, severe headache, pain behind eyes, muscle pain",Dengue
"pain behind eyes, severe headache, muscle pain",Dengue
"high fever, joint pain, pain behind eyes, severe headache, rash",Dengue
"severe headache, high fever, muscle pain",Dengue
"rash, muscle pain, severe headache, high fever",Dengue
"pain behind eyes, severe headache, joint pain, rash, high fever",Dengue
"loss of appetite, stomach pain, weakness, headache",Typhoid
"loss of appetite, stomach pain, prolonged fever",Typhoid
"loss of appetite, prolonged fever, headache, weakness",Typhoid
"stomach pain, loss of appetite, prolonged fever, headache, weakness",Typhoid
"stomach pain, headache, weakness",Typhoid
"weakness, stomach pain, prolonged fever, headache",Typhoid
"loss of appetite, stomach pain, prolonged fever, headache",Typhoid
"loss of appetite, stomach pain, prolonged fever, headache, weakness",Typhoid
"loss of appetite, stomach pain, headache, weakness, prolonged fever",Typhoid
"prolonged fever, weakness, stomach pain, headache, loss of appetite",Typhoid
"loss of appetite, headache, weakness",Typhoid
"weakness, stomach pain, loss of appetite",Typhoid
"headache, loss of appetite, prolonged fever, stomach pain, weakness",Typhoid
"headache, loss of appetite, weakness, prolonged fever, stomach pain",Typhoid
"loss of appetite, stomach pain, headache",Typhoid
"stomach pain, weakness, prolonged fever, headache, loss of appetite",Typhoid
"headache, weakness, loss of appetite, stomach pain, prolonged fever",Typhoid
"loss of appetite, headache, stomach pain, prolonged fever, weakness",Typhoid
"headache, weakness, prolonged fever",Typhoid
"weakness, stomach pain, loss of appetite, headache, prolonged fever",Typhoid
"chest pain, fever, chills",Pneumonia
"fever, cough with phlegm, chest pain, chills, breathing difficulty",Pneumonia
"breathing difficulty, chest pain, chills",Pneumonia
"cough with phlegm, breathing difficulty, fever",Pneumonia
"fever, chills, breathing difficulty, chest pain",Pneumonia
"breathing difficulty, chest pain, cough with phlegm",Pneumonia
"chills, breathing difficulty, cough with phlegm",Pneumonia
"chest pain, breathing difficulty, fever",Pneumonia
"cough with phlegm, fever, chest pain",Pneumonia
"fever, chest pain, chills",Pneumonia
"breathing difficulty, fever, cough with phlegm",Pneumonia
"chest pain, chills, fever, breathing difficulty, cough with phlegm",Pneumonia
"fever, chills, cough with phlegm, chest pain",Pneumonia
"breathing difficulty, chest pain, cough with phlegm",Pneumonia
"breathing difficulty, fever, cough with phlegm",Pneumonia
"chills, fever, chest pain, breathing difficulty, cough with phlegm",Pneumonia
"cough with phlegm, fever, chills, chest pain",Pneumonia
"cough with phlegm, fever, chest pain",Pneumonia
"chills, breathing difficulty, fever",Pneumonia
"chest pain, fever, cough with phlegm, chills",Pneumonia
"weight loss, night sweats, fever, persistent cough, cough with blood",Tuberculosis
"fever, persistent cough, cough with blood, chest pain",Tuberculosis
"fever, cough with blood, weight loss",Tuberculosis
"night sweats, weight loss, chest pain, fever, persistent cough",Tuberculosis
"weight loss, chest pain, cough with blood",Tuberculosis
"night sweats, chest pain, weight loss, cough with blood, fever",Tuberculosis
"persistent cough, night sweats, fever, weight loss, chest pain",Tuberculosis
"fever, cough with blood, weight loss, chest pain, persistent cough",Tuberculosis
"night sweats, chest pain, fever, persistent cough",Tuberculosis
"weight loss, cough with blood, fever",Tuberculosis
"weight loss, night sweats, chest pain, persistent cough, cough with blood",Tuberculosis
"persistent cough, cough with blood, night sweats",Tuberculosis
"persistent cough, cough with blood, chest pain",Tuberculosis
"night sweats, chest pain, fever, cough with blood",Tuberculosis
"weight loss, night sweats, chest pain",Tuberculosis
"fever, persistent cough, chest pain",Tuberculosis
"chest pain, weight loss, night sweats, cough with blood",Tuberculosis
"fever, night sweats, chest pain",Tuberculosis
"fever, persistent cough, chest pain",Tuberculosis
"night sweats, chest pain, cough with blood, weight loss",Tuberculosis
"shortness of breath, wheezing, breathing difficulty",Asthma
"wheezing, cough, chest tightness",Asthma
"wheezing, shortness of breath, breathing difficulty, chest tightness",Asthma
"shortness of breath, breathing difficulty, cough, wheezing, chest tightness",Asthma
"breathing difficulty, wheezing, chest tightness",Asthma
"wheezing, cough, chest tightness",Asthma
"chest tightness, breathing difficulty, shortness of breath, wheezing",Asthma
"breathing difficulty, chest tightness, shortness of breath, cough",Asthma
"breathing difficulty, shortness of breath, wheezing, chest tightness",Asthma
"breathing difficulty, shortness of breath, chest tightness, cough, wheezing",Asthma
"wheezing, breathing difficulty, chest tightness, shortness of breath",Asthma
"cough, chest tightness, shortness of breath, breathing difficulty, wheezing",Asthma
"breathing difficulty, cough, shortness of breath, chest tightness, wheezing",Asthma
"breathing difficulty, cough, wheezing",Asthma
"breathing difficulty, chest tightness, wheezing",Asthma
"cough, breathing difficulty, wheezing, chest tightness, shortness of breath",Asthma
"chest tightness, breathing difficulty, cough",Asthma
"shortness of breath, breathing difficulty, wheezing, cough",Asthma
"shortness of breath, cough, chest tightness, wheezing",Asthma
"wheezing, cough, breathing difficulty, shortness of breath, chest tightness",Asthma
"nausea, sensitivity to sound, sensitivity to light, visual disturbances",Migraine
"sensitivity to sound, sensitivity to light, visual disturbances, severe headache, nausea",Migraine
"severe headache, visual disturbances, nausea, sensitivity to light, sensitivity to sound",Migraine
"severe headache, nausea, sensitivity to sound",Migraine
"nausea, sensitivity to sound, severe headache",Migraine
"severe headache, sensitivity to light, visual disturbances, nausea",Migraine
"visual disturbances, nausea, sensitivity to light, sensitivity to sound",Migraine
"sensitivity to light, nausea, severe headache",Migraine
"severe headache, sensitivity to sound, sensitivity to light, visual disturbances, nausea",Migraine
"severe headache, sensitivity to sound, sensitivity to light, visual disturbances, nausea",Migraine
"nausea, severe headache, visual disturbances",Migraine
"visual disturbances, sensitivity to sound, sensitivity to light, severe headache",Migraine
"nausea, visual disturbances, sensitivity to sound",Migraine
"sensitivity to light, sensitivity to sound, visual disturbances",Migraine
"sensitivity to light, visual disturbances, severe headache, nausea, sensitivity to sound",Migraine
"sensitivity to sound, sensitivity to light, severe headache, visual disturbances, nausea",Migraine
"sensitivity to light, nausea, sensitivity to sound, severe headache",Migraine
"sensitivity to light, visual disturbances, nausea",Migraine
"sensitivity to light, nausea, sensitivity to sound",Migraine
"nausea, visual disturbances, sensitivity to light, sensitivity to sound, severe headache",Migraine
"frequent urination, extreme hunger, fatigue, blurred vision",Diabetes
"extreme hunger, increased thirst, fatigue, frequent urination",Diabetes
"extreme hunger, fatigue, frequent urination, increased thirst, blurred vision",Diabetes
"frequent urination, fatigue, blurred vision, extreme hunger",Diabetes
"frequent urination, blurred vision, increased thirst, fatigue, extreme hunger",Diabetes
"blurred vision, frequent urination, extreme hunger, increased thirst, fatigue",Diabetes
"blurred vision, fatigue, increased thirst, frequent urination, extreme hunger",Diabetes
"increased thirst, extreme hunger, frequent urination",Diabetes
"blurred vision, frequent urination, increased thirst, fatigue, extreme hunger",Diabetes
"fatigue, blurred vision, extreme hunger, frequent urination, increased thirst",Diabetes
"fatigue, increased thirst, extreme hunger, blurred vision, frequent urination",Diabetes
"increased thirst, fatigue, frequent urination, extreme hunger, blurred vision",Diabetes
"extreme hunger, increased thirst, frequent urination, fatigue",Diabetes
"increased thirst, frequent urination, fatigue, extreme hunger, blurred vision",Diabetes
"blurred vision, fatigue, increased thirst, frequent urination",Diabetes
"increased thirst, blurred vision, frequent urination, extreme hunger, fatigue",Diabetes
"frequent urination, blurred vision, increased thirst, fatigue, extreme hunger",Diabetes
"frequent urination, increased thirst, extreme hunger, fatigue",Diabetes
"increased thirst, fatigue, blurred vision, frequent urination, extreme hunger",Diabetes
"extreme hunger, increased thirst, blurred vision, frequent urination",Diabetes
"dizziness, headache, chest pain",Hypertension
"headache, vision problems, nosebleeds, chest pain",Hypertension
"nosebleeds, dizziness, chest pain, headache, vision problems",Hypertension
"headache, vision problems, nosebleeds, chest pain",Hypertension
"headache, nosebleeds, dizziness, vision problems",Hypertension
"chest pain, nosebleeds, dizziness, headache, vision problems",Hypertension
"chest pain, headache, vision problems, nosebleeds",Hypertension
"vision problems, nosebleeds, dizziness, headache",Hypertension
"chest pain, vision problems, nosebleeds, dizziness",Hypertension
"headache, dizziness, nosebleeds, chest pain, vision problems",Hypertension
"dizziness, headache, vision problems, nosebleeds",Hypertension
"vision problems, dizziness, nosebleeds, chest pain, headache",Hypertension
"dizziness, vision problems, nosebleeds, chest pain, headache",Hypertension
"vision problems, dizziness, chest pain, headache, nosebleeds",Hypertension
"chest pain, vision problems, nosebleeds",Hypertension
"vision problems, chest pain, headache",Hypertension
"dizziness, headache, vision problems, nosebleeds, chest pain",Hypertension
"dizziness, chest pain, headache, nosebleeds, vision problems",Hypertension
"nosebleeds, dizziness, headache, chest pain",Hypertension
"dizziness, chest pain, vision problems, nosebleeds",Hypertension
"nausea, chest pain, pain in arm, shortness of breath, lightheadedness",Heart Attack
"cold sweat, nausea, shortness of breath",Heart Attack
"nausea, cold sweat, shortness of breath",Heart Attack
"cold sweat, pain in arm, shortness of breath",Heart Attack
"pain in arm, cold sweat, shortness of breath",Heart Attack
"pain in arm, nausea, lightheadedness, shortness of breath",Heart Attack
"pain in arm, cold sweat, lightheadedness, nausea",Heart Attack
"lightheadedness, shortness of breath, pain in arm, nausea",Heart Attack
"pain in arm, nausea, shortness of breath, chest pain, lightheadedness",Heart Attack
"lightheadedness, shortness of breath, nausea, chest pain, cold sweat",Heart Attack
"cold sweat, chest pain, shortness of breath, lightheadedness, pain in arm",Heart Attack
"lightheadedness, chest pain, cold sweat, nausea",Heart Attack
"chest pain, nausea, shortness of breath, cold sweat",Heart Attack
"chest pain, shortness of breath, cold sweat",Heart Attack
"lightheadedness, shortness of breath, chest pain",Heart Attack
"lightheadedness, cold sweat, shortness of breath",Heart Attack
"chest pain, pain in arm, shortness of breath, cold sweat, lightheadedness",Heart Attack
"nausea, chest pain, shortness of breath, cold sweat, pain in arm",Heart Attack
"pain in arm, lightheadedness, chest pain, nausea",Heart Attack
"lightheadedness, shortness of breath, nausea",Heart Attack
"severe headache, trouble speaking, loss of balance, sudden numbness",Stroke
"confusion, sudden numbness, loss of balance, severe headache, vision problems",Stroke
"confusion, sudden numbness, vision problems",Stroke
"vision problems, loss of balance, severe headache",Stroke
"loss of balance, trouble speaking, confusion, severe headache",Stroke
"confusion, vision problems, severe headache, sudden numbness, loss of balance",Stroke
"sudden numbness, confusion, vision problems, trouble speaking",Stroke
"trouble speaking, severe headache, vision problems, loss of balance",Stroke
"loss of balance, vision problems, trouble speaking",Stroke
"vision problems, loss of balance, trouble speaking, sudden numbness",Stroke
"vision problems, severe headache, confusion, loss of balance, sudden numbness",Stroke
"confusion, vision problems, trouble speaking, sudden numbness",Stroke
"severe headache, sudden numbness, confusion, loss of balance, vision problems",Stroke
"loss of balance, severe headache, trouble speaking, sudden numbness",Stroke
"confusion, vision problems, sudden numbness, severe headache, trouble speaking",Stroke
"sudden numbness, loss of balance, severe headache",Stroke
"trouble speaking, sudden numbness, vision problems, severe headache",Stroke
"trouble speaking, vision problems, severe headache",Stroke
"confusion, vision problems, severe headache, loss of balance",Stroke
"confusion, sudden numbness, severe headache",Stroke
"bloating, loss of appetite, burning sensation, stomach pain",Gastritis
"nausea, bloating, vomiting",Gastritis
"burning sensation, bloating, loss of appetite",Gastritis
"stomach pain, bloating, vomiting",Gastritis
"nausea, stomach pain, vomiting, burning sensation",Gastritis
"stomach pain, nausea, bloating",Gastritis
"stomach pain, burning sensation, nausea, bloating",Gastritis
"burning sensation, loss of appetite, stomach pain, nausea",Gastritis
"nausea, stomach pain, burning sensation, bloating",Gastritis
"vomiting, burning sensation, loss of appetite",Gastritis
"loss of appetite, nausea, stomach pain",Gastritis
"stomach pain, vomiting, loss of appetite, bloating, nausea",Gastritis
"nausea, stomach pain, bloating, loss of appetite, burning sensation",Gastritis
"burning sensation, stomach pain, vomiting, bloating",Gastritis
"bloating, vomiting, stomach pain, loss of appetite, burning sensation",Gastritis
"burning sensation, nausea, loss of appetite, stomach pain, bloating",Gastritis
"bloating, burning sensation, stomach pain, nausea",Gastritis
"bloating, stomach pain, loss of appetite, burning sensation, vomiting",Gastritis
"vomiting, loss of appetite, stomach pain, bloating, burning sensation",Gastritis
"burning sensation, vomiting, nausea, stomach pain",Gastritis
"bloating, nausea, burning stomach pain, dark stools, heartburn",Peptic Ulcer
"heartburn, nausea, burning stomach pain, bloating, dark stools",Peptic Ulcer
"burning stomach pain, nausea, bloating, heartburn, dark stools",Peptic Ulcer
"dark stools, nausea, heartburn, bloating",Peptic Ulcer
"dark stools, burning stomach pain, heartburn, bloating, nausea",Peptic Ulcer
"bloating, nausea, burning stomach pain",Peptic Ulcer
"nausea, heartburn, burning stomach pain, bloating, dark stools",Peptic Ulcer
"bloating, heartburn, burning stomach pain, nausea",Peptic Ulcer
"dark stools, burning stomach pain, bloating",Peptic Ulcer
"dark stools, burning stomach pain, bloating",Peptic Ulcer
"burning stomach pain, bloating, heartburn",Peptic Ulcer
"dark stools, bloating, burning stomach pain, nausea",Peptic Ulcer
"heartburn, burning stomach pain, dark stools, bloating, nausea",Peptic Ulcer
"dark stools, heartburn, burning stomach pain, nausea, bloating",Peptic Ulcer
"nausea, heartburn, bloating, dark stools",Peptic Ulcer
"burning stomach pain, bloating, heartburn, nausea, dark stools",Peptic Ulcer
"heartburn, dark stools, burning stomach pain, nausea, bloating",Peptic Ulcer
"bloating, burning stomach pain, heartburn",Peptic Ulcer
"nausea, heartburn, bloating, dark stools, burning stomach pain",Peptic Ulcer
"bloating, burning stomach pain, heartburn, nausea",Peptic Ulcer
"jaundice, dark urine, fatigue, nausea, loss of appetite",Hepatitis
"fatigue, abdominal pain, jaundice, dark urine, nausea",Hepatitis
"fatigue, dark urine, loss of appetite, abdominal pain",Hepatitis
"abdominal pain, fatigue, loss of appetite",Hepatitis
"abdominal pain, dark urine, loss of appetite, nausea",Hepatitis
"nausea, jaundice, fatigue, loss of appetite",Hepatitis
"jaundice, loss of appetite, dark urine",Hepatitis
"abdominal pain, jaundice, dark urine",Hepatitis
"dark urine, loss of appetite, abdominal pain, fatigue, jaundice",Hepatitis
"fatigue, jaundice, loss of appetite, abdominal pain",Hepatitis
"dark urine, nausea, abdominal pain, fatigue",Hepatitis
"dark urine, loss of appetite, abdominal pain, fatigue, nausea",Hepatitis
"loss of appetite, nausea, fatigue, jaundice",Hepatitis
"fatigue, nausea, abdominal pain, loss of appetite, jaundice",Hepatitis
"jaundice, nausea, abdominal pain, loss of appetite, dark urine",Hepatitis
"nausea, abdominal pain, loss of appetite",Hepatitis
"fatigue, loss of appetite, abdominal pain",Hepatitis
"abdominal pain, loss of appetite, dark urine, nausea",Hepatitis
"fatigue, loss of appetite, jaundice",Hepatitis
"dark urine, fatigue, jaundice, nausea, abdominal pain",Hepatitis
"abdominal pain, constipation, nausea, fever",Appendicitis
"fever, constipation, loss of appetite, vomiting",Appendicitis
"constipation, fever, loss of appetite, vomiting",Appendicitis
"constipation, abdominal pain, nausea, fever, loss of appetite",Appendicitis
"nausea, constipation, vomiting",Appendicitis
"fever, constipation, vomiting",Appendicitis
"nausea, vomiting, loss of appetite, constipation, fever",Appendicitis
"loss of appetite, nausea, abdominal pain, fever",Appendicitis
"fever, constipation, nausea",Appendicitis
"abdominal pain, fever, constipation",Appendicitis
"nausea, loss of appetite, vomiting, abdominal pain",Appendicitis
"fever, vomiting, constipation, loss of appetite, nausea",Appendicitis
"nausea, loss of appetite, abdominal pain, vomiting, constipation",Appendicitis
"constipation, nausea, loss of appetite, vomiting",Appendicitis
"abdominal pain, vomiting, constipation, fever",Appendicitis
"nausea, abdominal pain, vomiting, fever, loss of appetite",Appendicitis
"abdominal pain, fever, constipation",Appendicitis
"abdominal pain, vomiting, constipation, loss of appetite",Appendicitis
"fever, vomiting, nausea",Appendicitis
"loss of appetite, constipation, abdominal pain, vomiting, nausea",Appendicitis
"painful urination, severe pain in side, blood in urine, nausea, pain in back",Kidney Stones
"severe pain in side, nausea, blood in urine, painful urination, pain in back",Kidney Stones
"blood in urine, severe pain in side, nausea, pain in back, painful urination",Kidney Stones
"pain in back, nausea, severe pain in side",Kidney Stones
"blood in urine, pain in back, nausea, severe pain in side",Kidney Stones
"pain in back, blood in urine, severe pain in side",Kidney Stones
"blood in urine, painful urination, pain in back, severe pain in side, nausea",Kidney Stones
"severe pain in side, nausea, pain in back, blood in urine, painful urination",Kidney Stones
"pain in back, nausea, severe pain in side, painful urination",Kidney Stones
"pain in back, painful urination, nausea, severe pain in side",Kidney Stones
"blood in urine, nausea, painful urination, pain in back, severe pain in side",Kidney Stones
"blood in urine, severe pain in side, pain in back, painful urination, nausea",Kidney Stones
"painful urination, nausea, pain in back",Kidney Stones
"painful urination, blood in urine, pain in back",Kidney Stones
"severe pain in side, painful urination, pain in back, blood in urine",Kidney Stones
"nausea, severe pain in side, blood in urine",Kidney Stones
"nausea, painful urination, pain in back, severe pain in side, blood in urine",Kidney Stones
"blood in urine, nausea, severe pain in side, pain in back, painful urination",Kidney Stones
"severe pain in side, nausea, pain in back, blood in urine, painful urination",Kidney Stones
"nausea, severe pain in side, painful urination, blood in urine, pain in back",Kidney Stones
"frequent urination, pelvic pain, burning during urination, cloudy urine",UTI (Urinary Tract Infection)
"cloudy urine, burning during urination, frequent urination, pelvic pain",UTI (Urinary Tract Infection)
"burning during urination, pelvic pain, frequent urination, cloudy urine",UTI (Urinary Tract Infection)
"burning during urination, frequent urination, cloudy urine",UTI (Urinary Tract Infection)
"burning during urination, cloudy urine, frequent urination",UTI (Urinary Tract Infection)
"frequent urination, pelvic pain, cloudy urine, burning during urination",UTI (Urinary Tract Infection)
"cloudy urine, burning during urination, pelvic pain",UTI (Urinary Tract Infection)
"burning during urination, frequent urination, cloudy urine",UTI (Urinary Tract Infection)
"cloudy urine, pelvic pain, burning during urination",UTI (Urinary Tract Infection)
"frequent urination, cloudy urine, burning during urination",UTI (Urinary Tract Infection)
"pelvic pain, burning during urination, frequent urination",UTI (Urinary Tract Infection)
"burning during urination, pelvic pain, cloudy urine",UTI (Urinary Tract Infection)
"burning during urination, frequent urination, pelvic pain, cloudy urine",UTI (Urinary Tract Infection)
"burning during urination, pelvic pain, frequent urination, cloudy urine",UTI (Urinary Tract Infection)
"burning during urination, pelvic pain, frequent urination, cloudy urine",UTI (Urinary Tract Infection)
"burning during urination, frequent urination, pelvic pain",UTI (Urinary Tract Infection)
"frequent urination, pelvic pain, cloudy urine, burning during urination",UTI (Urinary Tract Infection)
"frequent urination, burning during urination, cloudy urine",UTI (Urinary Tract Infection)
"cloudy urine, frequent urination, pelvic pain",UTI (Urinary Tract Infection)
"pelvic pain, cloudy urine, burning during urination, frequent urination",UTI (Urinary Tract Infection)
"headache, fever, loss of appetite",Chicken Pox
"loss of appetite, itchy rash, fever",Chicken Pox
"itchy rash, headache, fever, loss of appetite",Chicken Pox
"loss of appetite, fever, fatigue",Chicken Pox
"headache, itchy rash, fever, fatigue, loss of appetite",Chicken Pox
"headache, loss of appetite, fever, itchy rash",Chicken Pox
"headache, itchy rash, fatigue",Chicken Pox
"loss of appetite, headache, fever, fatigue",Chicken Pox
"fever, fatigue, loss of appetite",Chicken Pox
"fever, itchy rash, headache",Chicken Pox
"headache, fever, fatigue",Chicken Pox
"headache, loss of appetite, itchy rash, fatigue",Chicken Pox
"headache, fatigue, itchy rash, loss of appetite",Chicken Pox
"itchy rash, loss of appetite, fatigue, headache",Chicken Pox
"fatigue, loss of appetite, headache, fever, itchy rash",Chicken Pox
"loss of appetite, itchy rash, fatigue, headache",Chicken Pox
"fatigue, headache, fever, itchy rash",Chicken Pox
"itchy rash, headache, fever, loss of appetite, fatigue",Chicken Pox
"itchy rash, loss of appetite, fever, fatigue, headache",Chicken Pox
"loss of appetite, headache, itchy rash, fatigue, fever",Chicken Pox
"white spots in mouth, rash, fever",Measles
"white spots in mouth, rash, cough, fever",Measles
"rash, red eyes, fever",Measles
"runny nose, white spots in mouth, cough",Measles
"fever, cough, white spots in mouth",Measles
"cough, runny nose, rash, fever",Measles
"fever, red eyes, white spots in mouth",Measles
"red eyes, rash, white spots in mouth",Measles
"runny nose, cough, rash",Measles
"white spots in mouth, runny nose, red eyes, rash",Measles
"rash, white spots in mouth, runny nose, red eyes",Measles
"runny nose, cough, rash, fever",Measles
"runny nose, rash, white spots in mouth, red eyes, cough",Measles
"red eyes, white spots in mouth, fever",Measles
"cough, runny nose, rash, red eyes",Measles
"red eyes, rash, runny nose, fever",Measles
"rash, red eyes, runny nose, cough",Measles
"rash, cough, white spots in mouth",Measles
"red eyes, runny nose, white spots in mouth, cough",Measles
"white spots in mouth, rash, fever, runny nose",Measles
"joint pain, reduced range of motion, joint stiffness",Arthritis
"joint pain, swelling, reduced range of motion, joint stiffness",Arthritis
"reduced range of motion, swelling, joint stiffness",Arthritis
"joint stiffness, reduced range of motion, joint pain, swelling",Arthritis
"reduced range of motion, joint pain, joint stiffness, swelling",Arthritis
"swelling, joint stiffness, joint pain, reduced range of motion",Arthritis
"reduced range of motion, swelling, joint pain, joint stiffness",Arthritis
"joint pain, joint stiffness, swelling",Arthritis
"reduced range of motion, swelling, joint stiffness, joint pain",Arthritis
"joint pain, swelling, reduced range of motion",Arthritis
"reduced range of motion, joint pain, joint stiffness",Arthritis
"joint pain, reduced range of motion, joint stiffness, swelling",Arthritis
"joint pain, swelling, reduced range of motion",Arthritis
"reduced range of motion, joint stiffness, swelling",Arthritis
"joint pain, swelling, reduced range of motion, joint stiffness",Arthritis
"joint pain, joint stiffness, reduced range of motion, swelling",Arthritis
"joint stiffness, joint pain, reduced range of motion, swelling",Arthritis
"swelling, joint pain, reduced range of motion, joint stiffness",Arthritis
"joint stiffness, joint pain, swelling, reduced range of motion",Arthritis
"swelling, joint pain, joint stiffness, reduced range of motion",Arthritis
"stooped posture, back pain, bone fractures, loss of height",Osteoporosis
"back pain, bone fractures, loss of height",Osteoporosis
"stooped posture, back pain, bone fractures",Osteoporosis
"bone fractures, loss of height, stooped posture",Osteoporosis
"loss of height, stooped posture, back pain",Osteoporosis
"bone fractures, loss of height, stooped posture, back pain",Osteoporosis
"bone fractures, back pain, stooped posture, loss of height",Osteoporosis
"stooped posture, bone fractures, back pain, loss of height",Osteoporosis
"bone fractures, back pain, loss of height",Osteoporosis
"bone fractures, back pain, stooped posture",Osteoporosis
"stooped posture, bone fractures, loss of height",Osteoporosis
"loss of height, stooped posture, back pain",Osteoporosis
"loss of height, stooped posture, back pain, bone fractures",Osteoporosis
"back pain, stooped posture, bone fractures",Osteoporosis
"loss of height, stooped posture, bone fractures",Osteoporosis
"back pain, bone fractures, loss of height",Osteoporosis
"stooped posture, bone fractures, back pain",Osteoporosis
"stooped posture, bone fractures, loss of height",Osteoporosis
"back pain, stooped posture, bone fractures",Osteoporosis
"loss of height, stooped posture, back pain",Osteoporosis
"shortness of breath, pale skin, weakness, cold hands",Anemia
"dizziness, shortness of breath, pale skin, weakness",Anemia
"pale skin, cold hands, dizziness, fatigue",Anemia
"fatigue, cold hands, pale skin, dizziness, weakness",Anemia
"fatigue, cold hands, pale skin, weakness",Anemia
"dizziness, shortness of breath, fatigue, pale skin",Anemia
"cold hands, dizziness, shortness of breath, fatigue",Anemia
"pale skin, shortness of breath, fatigue",Anemia
"cold hands, pale skin, shortness of breath",Anemia
"cold hands, weakness, fatigue, dizziness, shortness of breath",Anemia
"cold hands, shortness of breath, pale skin",Anemia
"dizziness, fatigue, cold hands",Anemia
"cold hands, weakness, pale skin, dizziness, fatigue",Anemia
"pale skin, fatigue, cold hands, weakness",Anemia
"weakness, shortness of breath, dizziness",Anemia
"weakness, dizziness, cold hands, shortness of breath, pale skin",Anemia
"cold hands, fatigue, pale skin, weakness",Anemia
"cold hands, dizziness, weakness, pale skin",Anemia
"cold hands, shortness of breath, weakness",Anemia
"pale skin, weakness, dizziness, shortness of breath",Anemia
"fatigue, hair loss, weight changes, mood swings, irregular heartbeat",Thyroid Disorder
"irregular heartbeat, weight changes, fatigue, hair loss",Thyroid Disorder
"fatigue, mood swings, irregular heartbeat, hair loss",Thyroid Disorder
"weight changes, mood swings, irregular heartbeat",Thyroid Disorder
"irregular heartbeat, fatigue, weight changes, mood swings",Thyroid Disorder
"mood swings, weight changes, hair loss",Thyroid Disorder
"weight changes, fatigue, mood swings",Thyroid Disorder
"fatigue, weight changes, mood swings, hair loss",Thyroid Disorder
"weight changes, hair loss, irregular heartbeat, mood swings",Thyroid Disorder
"weight changes, mood swings, hair loss, fatigue",Thyroid Disorder
"hair loss, irregular heartbeat, weight changes, fatigue",Thyroid Disorder
"mood swings, fatigue, weight changes, irregular heartbeat, hair loss",Thyroid Disorder
"weight changes, hair loss, irregular heartbeat",Thyroid Disorder
"hair loss, weight changes, mood swings",Thyroid Disorder
"irregular heartbeat, weight changes, fatigue, hair loss",Thyroid Disorder
"irregular heartbeat, mood swings, fatigue, weight changes",Thyroid Disorder
"weight changes, irregular heartbeat, fatigue, mood swings, hair loss",Thyroid Disorder
"fatigue, weight changes, irregular heartbeat",Thyroid Disorder
"irregular heartbeat, weight changes, fatigue, hair loss",Thyroid Disorder
"hair loss, mood swings, irregular heartbeat, weight changes",Thyroid Disorder
"sleep problems, persistent sadness, difficulty concentrating",Depression
"sleep problems, loss of interest, fatigue, difficulty concentrating",Depression
"fatigue, loss of interest, sleep problems, difficulty concentrating",Depression
"loss of interest, persistent sadness, sleep problems, fatigue, difficulty concentrating",Depression
"sleep problems, difficulty concentrating, persistent sadness, fatigue, loss of interest",Depression
"sleep problems, persistent sadness, loss of interest",Depression
"fatigue, difficulty concentrating, sleep problems, persistent sadness",Depression
"fatigue, persistent sadness, sleep problems",Depression
"sleep problems, loss of interest, fatigue, difficulty concentrating",Depression
"persistent sadness, difficulty concentrating, fatigue",Depression
"difficulty concentrating, loss of interest, fatigue, sleep problems",Depression
"sleep problems, persistent sadness, difficulty concentrating, loss of interest",Depression
"loss of interest, sleep problems, difficulty concentrating",Depression
"sleep problems, persistent sadness, fatigue, loss of interest, difficulty concentrating",Depression
"sleep problems, difficulty concentrating, persistent sadness, fatigue",Depression
"sleep problems, fatigue, persistent sadness",Depression
"sleep problems, loss of interest, difficulty concentrating, persistent sadness",Depression
"loss of interest, difficulty concentrating, fatigue, persistent sadness, sleep problems",Depression
"sleep problems, difficulty concentrating, loss of interest",Depression
"fatigue, sleep problems, persistent sadness, loss of interest",Depression
"excessive worry, rapid heartbeat, restlessness, trembling",Anxiety
"excessive worry, rapid heartbeat, restlessness",Anxiety
"restlessness, trembling, rapid heartbeat, excessive worry",Anxiety
"restlessness, trembling, rapid heartbeat, excessive worry, sweating",Anxiety
"restlessness, sweating, rapid heartbeat, excessive worry",Anxiety
"trembling, excessive worry, restlessness, rapid heartbeat",Anxiety
"sweating, trembling, excessive worry",Anxiety
"trembling, excessive worry, rapid heartbeat, restlessness",Anxiety
"sweating, excessive worry, restlessness, trembling, rapid heartbeat",Anxiety
"trembling, restlessness, sweating",Anxiety
"excessive worry, sweating, restlessness",Anxiety
"restlessness, sweating, rapid heartbeat, excessive worry",Anxiety
"rapid heartbeat, trembling, restlessness, excessive worry",Anxiety
"trembling, sweating, restlessness, rapid heartbeat, excessive worry",Anxiety
"excessive worry, trembling, sweating",Anxiety
"sweating, trembling, excessive worry",Anxiety
"excessive worry, trembling, sweating, rapid heartbeat, restlessness",Anxiety
"rapid heartbeat, restlessness, trembling, sweating",Anxiety
"excessive worry, trembling, restlessness, rapid heartbeat",Anxiety
"sweating, rapid heartbeat, trembling, restlessness",Anxiety
"waking up frequently, irritability, daytime fatigue, difficulty falling asleep",Insomnia
"irritability, daytime fatigue, waking up frequently",Insomnia
"daytime fatigue, irritability, difficulty falling asleep",Insomnia
"irritability, daytime fatigue, waking up frequently",Insomnia
"difficulty falling asleep, waking up frequently, daytime fatigue, irritability",Insomnia
"waking up frequently, daytime fatigue, irritability",Insomnia
"irritability, waking up frequently, daytime fatigue",Insomnia
"waking up frequently, daytime fatigue, irritability",Insomnia
"waking up frequently, difficulty falling asleep, daytime fatigue",Insomnia
"waking up frequently, difficulty falling asleep, irritability, daytime fatigue",Insomnia
"daytime fatigue, irritability, waking up frequently",Insomnia
"waking up frequently, difficulty falling asleep, irritability",Insomnia
"daytime fatigue, difficulty falling asleep, irritability",Insomnia
"difficulty falling asleep, irritability, waking up frequently, daytime fatigue",Insomnia
"difficulty falling asleep, daytime fatigue, waking up frequently",Insomnia
"daytime fatigue, waking up frequently, difficulty falling asleep",Insomnia
"irritability, difficulty falling asleep, waking up frequently, daytime fatigue",Insomnia
"irritability, waking up frequently, difficulty falling asleep, daytime fatigue",Insomnia
"difficulty falling asleep, daytime fatigue, irritability, waking up frequently",Insomnia
"waking up frequently, daytime fatigue, difficulty falling asleep",Insomnia
"breathing difficulty, runny nose, rash, sneezing, swelling",Allergy
"sneezing, breathing difficulty, swelling, runny nose",Allergy
"swelling, runny nose, breathing difficulty, itchy eyes, rash",Allergy
"itchy eyes, runny nose, sneezing, rash",Allergy
"swelling, breathing difficulty, sneezing",Allergy
"swelling, sneezing, breathing difficulty",Allergy
"swelling, breathing difficulty, runny nose",Allergy
"sneezing, rash, itchy eyes, breathing difficulty",Allergy
"sneezing, breathing difficulty, rash, itchy eyes",Allergy
"breathing difficulty, sneezing, swelling, rash, itchy eyes",Allergy
"itchy eyes, breathing difficulty, swelling",Allergy
"rash, itchy eyes, sneezing",Allergy
"itchy eyes, rash, breathing difficulty, runny nose, swelling",Allergy
"runny nose, sneezing, itchy eyes",Allergy
"runny nose, itchy eyes, rash, swelling",Allergy
"runny nose, rash, sneezing, itchy eyes",Allergy
"swelling, sneezing, rash",Allergy
"rash, swelling, sneezing",Allergy
"sneezing, breathing difficulty, itchy eyes, swelling, rash",Allergy
"swelling, breathing difficulty, runny nose, sneezing",Allergy
"fatigue, shortness of breath, cough with mucus",Bronchitis
"fatigue, chest discomfort, slight fever, shortness of breath",Bronchitis
"shortness of breath, fatigue, cough with mucus, chest discomfort",Bronchitis
"shortness of breath, chest discomfort, cough with mucus, slight fever",Bronchitis
"slight fever, fatigue, shortness of breath",Bronchitis
"slight fever, fatigue, shortness of breath",Bronchitis
"chest discomfort, slight fever, shortness of breath, cough with mucus",Bronchitis
"shortness of breath, slight fever, chest discomfort",Bronchitis
"chest discomfort, slight fever, cough with mucus, fatigue, shortness of breath",Bronchitis
"shortness of breath, cough with mucus, fatigue",Bronchitis
"chest discomfort, shortness of breath, fatigue",Bronchitis
"shortness of breath, chest discomfort, slight fever, fatigue, cough with mucus",Bronchitis
"fatigue, chest discomfort, shortness of breath, cough with mucus, slight fever",Bronchitis
"shortness of breath, slight fever, chest discomfort",Bronchitis
"shortness of breath, fatigue, chest discomfort",Bronchitis
"shortness of breath, chest discomfort, fatigue, slight fever",Bronchitis
"shortness of breath, slight fever, cough with mucus, chest discomfort",Bronchitis
"chest discomfort, shortness of breath, cough with mucus, fatigue, slight fever",Bronchitis
"cough with mucus, fatigue, slight fever, shortness of breath",Bronchitis
"shortness of breath, cough with mucus, fatigue, chest discomfort, slight fever",Bronchitis
"facial pain, nasal congestion, reduced sense of smell",Sinusitis
"nasal congestion, headache, facial pain, reduced sense of smell",Sinusitis
"nasal congestion, reduced sense of smell, headache",Sinusitis
"reduced sense of smell, thick nasal discharge, nasal congestion, facial pain, headache",Sinusitis
"thick nasal discharge, nasal congestion, facial pain, headache, reduced sense of smell",Sinusitis
"facial pain, nasal congestion, headache",Sinusitis
"nasal congestion, headache, reduced sense of smell, thick nasal discharge, facial pain",Sinusitis
"facial pain, thick nasal discharge, nasal congestion, reduced sense of smell, headache",Sinusitis
"facial pain, reduced sense of smell, thick nasal discharge, headache",Sinusitis
"facial pain, headache, nasal congestion, reduced sense of smell, thick nasal discharge",Sinusitis
"facial pain, thick nasal discharge, nasal congestion, headache",Sinusitis
"nasal congestion, headache, facial pain",Sinusitis
"nasal congestion, thick nasal discharge, headache, facial pain, reduced sense of smell",Sinusitis
"headache, facial pain, thick nasal discharge, nasal congestion, reduced sense of smell",Sinusitis
"reduced sense of smell, facial pain, headache",Sinusitis
"thick nasal discharge, facial pain, headache, nasal congestion",Sinusitis
"thick nasal discharge, nasal congestion, reduced sense of smell",Sinusitis
"reduced sense of smell, facial pain, headache, thick nasal discharge, nasal congestion",Sinusitis
"thick nasal discharge, facial pain, headache, nasal congestion, reduced sense of smell",Sinusitis
"thick nasal discharge, headache, nasal congestion, facial pain, reduced sense of smell",Sinusitis
"fever, bad breath, swollen tonsils",Tonsillitis
"bad breath, sore throat, difficulty swallowing, fever",Tonsillitis
"sore throat, swollen tonsils, difficulty swallowing, fever",Tonsillitis
"swollen tonsils, difficulty swallowing, fever, bad breath",Tonsillitis
"bad breath, difficulty swallowing, fever, swollen tonsils, sore throat",Tonsillitis
"fever, sore throat, bad breath",Tonsillitis
"sore throat, difficulty swallowing, swollen tonsils",Tonsillitis
"bad breath, sore throat, difficulty swallowing, swollen tonsils",Tonsillitis
"fever, sore throat, difficulty swallowing, swollen tonsils",Tonsillitis
"difficulty swallowing, sore throat, fever, swollen tonsils",Tonsillitis
"swollen tonsils, fever, sore throat",Tonsillitis
"bad breath, swollen tonsils, sore throat",Tonsillitis
"swollen tonsils, sore throat, difficulty swallowing, bad breath",Tonsillitis
"sore throat, difficulty swallowing, bad breath, swollen tonsils",Tonsillitis
"sore throat, fever, difficulty swallowing, bad breath, swollen tonsils",Tonsillitis
"fever, swollen tonsils, bad breath",Tonsillitis
"difficulty swallowing, bad breath, swollen tonsils, fever",Tonsillitis
"difficulty swallowing, sore throat, fever",Tonsillitis
"sore throat, swollen tonsils, bad breath, fever",Tonsillitis
"difficulty swallowing, bad breath, swollen tonsils, sore throat",Tonsillitis
"red eyes, sensitivity to light, discharge from eyes, itchy eyes, blurred vision",Conjunctivitis
"red eyes, itchy eyes, discharge from eyes, blurred vision",Conjunctivitis
"sensitivity to light, discharge from eyes, blurred vision, itchy eyes",Conjunctivitis
"blurred vision, sensitivity to light, red eyes, discharge from eyes, itchy eyes",Conjunctivitis
"red eyes, sensitivity to light, discharge from eyes",Conjunctivitis
"itchy eyes, blurred vision, sensitivity to light",Conjunctivitis
"sensitivity to light, blurred vision, discharge from eyes, red eyes, itchy eyes",Conjunctivitis
"itchy eyes, discharge from eyes, blurred vision, red eyes",Conjunctivitis
"discharge from eyes, itchy eyes, blurred vision, red eyes",Conjunctivitis
"discharge from eyes, blurred vision, red eyes, sensitivity to light, itchy eyes",Conjunctivitis
"discharge from eyes, itchy eyes, sensitivity to light",Conjunctivitis
"discharge from eyes, itchy eyes, red eyes, blurred vision",Conjunctivitis
"discharge from eyes, blurred vision, itchy eyes",Conjunctivitis
"sensitivity to light, discharge from eyes, blurred vision, itchy eyes, red eyes",Conjunctivitis
"itchy eyes, blurred vision, red eyes",Conjunctivitis
"red eyes, sensitivity to light, discharge from eyes, itchy eyes",Conjunctivitis
"sensitivity to light, blurred vision, red eyes, itchy eyes",Conjunctivitis
"red eyes, discharge from eyes, sensitivity to light",Conjunctivitis
"blurred vision, itchy eyes, red eyes, discharge from eyes, sensitivity to light",Conjunctivitis
"blurred vision, sensitivity to light, itchy eyes, discharge from eyes, red eyes",Conjunctivitis
"itchy skin, dry skin, swelling",Dermatitis
"dry skin, blisters, swelling, red rash, itchy skin",Dermatitis
"swelling, blisters, dry skin, red rash, itchy skin",Dermatitis
"red rash, swelling, blisters, dry skin",Dermatitis
"dry skin, blisters, itchy skin, swelling, red rash",Dermatitis
"swelling, blisters, dry skin, red rash",Dermatitis
"swelling, blisters, dry skin, itchy skin",Dermatitis
"swelling, red rash, dry skin, itchy skin",Dermatitis
"blisters, itchy skin, dry skin, red rash, swelling",Dermatitis
"blisters, swelling, dry skin",Dermatitis
"red rash, dry skin, swelling",Dermatitis
"itchy skin, swelling, red rash",Dermatitis
"itchy skin, swelling, blisters, dry skin",Dermatitis
"red rash, itchy skin, blisters, swelling",Dermatitis
"itchy skin, blisters, dry skin, red rash",Dermatitis
"itchy skin, dry skin, blisters",Dermatitis
"blisters, itchy skin, red rash, dry skin",Dermatitis
"swelling, red rash, dry skin, blisters, itchy skin",Dermatitis
"itchy skin, blisters, red rash, dry skin, swelling",Dermatitis
"blisters, swelling, red rash, itchy skin, dry skin",Dermatitis
"burning sensation, dry cracked skin, red patches of skin, itching",Psoriasis
"itching, dry cracked skin, burning sensation, silvery scales, red patches of skin",Psoriasis
"silvery scales, dry cracked skin, itching, red patches of skin",Psoriasis
"red patches of skin, silvery scales, itching, burning sensation, dry cracked skin",Psoriasis
"red patches of skin, silvery scales, itching, burning sensation",Psoriasis
"red patches of skin, dry cracked skin, itching",Psoriasis
"dry cracked skin, itching, red patches of skin, silvery scales, burning sensation",Psoriasis
"silvery scales, dry cracked skin, burning sensation",Psoriasis
"dry cracked skin, burning sensation, silvery scales, red patches of skin",Psoriasis
"red patches of skin, burning sensation, dry cracked skin",Psoriasis
"itching, red patches of skin, silvery scales",Psoriasis
"itching, red patches of skin, burning sensation",Psoriasis
"silvery scales, dry cracked skin, red patches of skin, itching, burning sensation",Psoriasis
"burning sensation, dry cracked skin, silvery scales, itching, red patches of skin",Psoriasis
"red patches of skin, dry cracked skin, itching, burning sensation",Psoriasis
"silvery scales, dry cracked skin, burning sensation",Psoriasis
"red patches of skin, burning sensation, dry cracked skin, itching, silvery scales",Psoriasis
"silvery scales, dry cracked skin, burning sensation",Psoriasis
"itching, burning sensation, red patches of skin, silvery scales",Psoriasis
"silvery scales, dry cracked skin, itching, red patches of skin",Psoriasis
"red inflamed skin, itchy skin, small bumps",Eczema
"itchy skin, small bumps, red inflamed skin",Eczema
"small bumps, dry scaly skin, red inflamed skin, thickened skin",Eczema
"red inflamed skin, dry scaly skin, small bumps",Eczema
"dry scaly skin, small bumps, thickened skin, itchy skin, red inflamed skin",Eczema
"itchy skin, red inflamed skin, thickened skin, dry scaly skin, small bumps",Eczema
"itchy skin, thickened skin, small bumps, red inflamed skin, dry scaly skin",Eczema
"itchy skin, small bumps, thickened skin, red inflamed skin, dry scaly skin",Eczema
"itchy skin, thickened skin, red inflamed skin, dry scaly skin",Eczema
"itchy skin, dry scaly skin, red inflamed skin, thickened skin",Eczema
"thickened skin, itchy skin, small bumps",Eczema
"dry scaly skin, itchy skin, thickened skin",Eczema
"red inflamed skin, thickened skin, small bumps",Eczema
"red inflamed skin, thickened skin, dry scaly skin",Eczema
"itchy skin, dry scaly skin, red inflamed skin, small bumps",Eczema
"itchy skin, small bumps, red inflamed skin, dry scaly skin, thickened skin",Eczema
"itchy skin, red inflamed skin, small bumps, dry scaly skin",Eczema
"red inflamed skin, itchy skin, thickened skin",Eczema
"red inflamed skin, small bumps, dry scaly skin, thickened skin, itchy skin",Eczema
"itchy skin, dry scaly skin, small bumps, thickened skin, red inflamed skin",Eczema
"pimples, oily skin, blackheads, whiteheads",Acne
"scarring, blackheads, oily skin",Acne
"oily skin, whiteheads, blackheads, scarring",Acne
"whiteheads, blackheads, oily skin",Acne
"pimples, oily skin, blackheads",Acne
"pimples, whiteheads, oily skin, scarring",Acne
"oily skin, scarring, whiteheads",Acne
"whiteheads, pimples, oily skin, scarring",Acne
"whiteheads, pimples, oily skin",Acne
"whiteheads, pimples, blackheads",Acne
"whiteheads, oily skin, pimples, blackheads",Acne
"oily skin, pimples, blackheads, whiteheads",Acne
"pimples, whiteheads, blackheads",Acne
"blackheads, whiteheads, pimples",Acne
"oily skin, scarring, blackheads",Acne
"pimples, whiteheads, scarring, blackheads, oily skin",Acne
"pimples, whiteheads, scarring, oily skin",Acne
"pimples, blackheads, oily skin",Acne
"oily skin, whiteheads, blackheads, scarring",Acne
"blackheads, oily skin, scarring, whiteheads, pimples",Acne
"difficulty passing stools, bloating, hard stools, abdominal pain",Constipation
"bloating, abdominal pain, hard stools, difficulty passing stools",Constipation
"difficulty passing stools, hard stools, bloating",Constipation
"difficulty passing stools, hard stools, bloating, abdominal pain",Constipation
"bloating, difficulty passing stools, abdominal pain",Constipation
"abdominal pain, difficulty passing stools, hard stools, bloating",Constipation
"difficulty passing stools, abdominal pain, bloating, hard stools",Constipation
"hard stools, abdominal pain, bloating",Constipation
"bloating, abdominal pain, hard stools",Constipation
"bloating, abdominal pain, difficulty passing stools, hard stools",Constipation
"bloating, abdominal pain, hard stools",Constipation
"abdominal pain, hard stools, difficulty passing stools",Constipation
"abdominal pain, difficulty passing stools, bloating",Constipation
"bloating, abdominal pain, hard stools",Constipation
"hard stools, abdominal pain, bloating, difficulty passing stools",Constipation
"hard stools, bloating, abdominal pain",Constipation
"bloating, hard stools, difficulty passing stools",Constipation
"abdominal pain, hard stools, difficulty passing stools",Constipation
"bloating, difficulty passing stools, hard stools, abdominal pain",Constipation
"hard stools, difficulty passing stools, abdominal pain",Constipation
"abdominal cramps, nausea, dehydration, frequent bowel movements",Diarrhea
"loose stools, abdominal cramps, nausea",Diarrhea
"abdominal cramps, loose stools, nausea",Diarrhea
"abdominal cramps, loose stools, nausea",Diarrhea
"dehydration, nausea, abdominal cramps",Diarrhea
"dehydration, frequent bowel movements, loose stools, abdominal cramps, nausea",Diarrhea
"loose stools, abdominal cramps, frequent bowel movements, dehydration, nausea",Diarrhea
"loose stools, nausea, frequent bowel movements, abdominal cramps",Diarrhea
"nausea, dehydration, frequent bowel movements, abdominal cramps",Diarrhea
"loose stools, frequent bowel movements, nausea, dehydration, abdominal cramps",Diarrhea
"dehydration, frequent bowel movements, abdominal cramps, loose stools",Diarrhea
"dehydration, nausea, abdominal cramps, frequent bowel movements",Diarrhea
"abdominal cramps, dehydration, frequent bowel movements",Diarrhea
"abdominal cramps, nausea, frequent bowel movements, dehydration, loose stools",Diarrhea
"nausea, loose stools, dehydration, abdominal cramps",Diarrhea
"dehydration, abdominal cramps, nausea",Diarrhea
"dehydration, nausea, abdominal cramps, frequent bowel movements, loose stools",Diarrhea
"nausea, frequent bowel movements, abdominal cramps",Diarrhea
"nausea, dehydration, frequent bowel movements, loose stools",Diarrhea
"loose stools, dehydration, frequent bowel movements, abdominal cramps, nausea",Diarrhea
"abdominal pain, constipation, diarrhea",IBS (Irritable Bowel Syndrome)
"diarrhea, abdominal pain, bloating",IBS (Irritable Bowel Syndrome)
"constipation, abdominal pain, diarrhea, gas",IBS (Irritable Bowel Syndrome)
"diarrhea, bloating, gas, abdominal pain",IBS (Irritable Bowel Syndrome)
"diarrhea, bloating, gas, constipation, abdominal pain",IBS (Irritable Bowel Syndrome)
"diarrhea, abdominal pain, gas, constipation, bloating",IBS (Irritable Bowel Syndrome)
"gas, abdominal pain, diarrhea",IBS (Irritable Bowel Syndrome)
"abdominal pain, diarrhea, constipation, gas",IBS (Irritable Bowel Syndrome)
"bloating, gas, diarrhea",IBS (Irritable Bowel Syndrome)
"abdominal pain, constipation, gas, diarrhea",IBS (Irritable Bowel Syndrome)
"bloating, diarrhea, gas",IBS (Irritable Bowel Syndrome)
"bloating, diarrhea, constipation, abdominal pain, gas",IBS (Irritable Bowel Syndrome)
"gas, diarrhea, constipation, bloating",IBS (Irritable Bowel Syndrome)
"bloating, constipation, gas, diarrhea, abdominal pain",IBS (Irritable Bowel Syndrome)
"diarrhea, constipation, bloating, abdominal pain, gas",IBS (Irritable Bowel Syndrome)
"gas, diarrhea, constipation",IBS (Irritable Bowel Syndrome)
"abdominal pain, constipation, diarrhea, gas, bloating",IBS (Irritable Bowel Syndrome)
"diarrhea, gas, abdominal pain, bloating",IBS (Irritable Bowel Syndrome)
"diarrhea, abdominal pain, gas, bloating, constipation",IBS (Irritable Bowel Syndrome)
"bloating, diarrhea, gas, abdominal pain",IBS (Irritable Bowel Syndrome)
"difficulty swallowing, heartburn, regurgitation",GERD (Acid Reflux)
"difficulty swallowing, chest pain, regurgitation",GERD (Acid Reflux)
"difficulty swallowing, chest pain, sour taste, heartburn",GERD (Acid Reflux)
"regurgitation, heartburn, difficulty swallowing, chest pain",GERD (Acid Reflux)
"difficulty swallowing, chest pain, heartburn, regurgitation",GERD (Acid Reflux)
"chest pain, regurgitation, difficulty swallowing, heartburn",GERD (Acid Reflux)
"heartburn, regurgitation, sour taste",GERD (Acid Reflux)
"sour taste, regurgitation, difficulty swallowing",GERD (Acid Reflux)
"heartburn, sour taste, difficulty swallowing, regurgitation, chest pain",GERD (Acid Reflux)
"chest pain, heartburn, sour taste, regurgitation, difficulty swallowing",GERD (Acid Reflux)
"regurgitation, chest pain, sour taste",GERD (Acid Reflux)
"regurgitation, sour taste, chest pain",GERD (Acid Reflux)
"difficulty swallowing, sour taste, regurgitation, heartburn, chest pain",GERD (Acid Reflux)
"chest pain, heartburn, difficulty swallowing, sour taste",GERD (Acid Reflux)
"difficulty swallowing, regurgitation, chest pain, sour taste",GERD (Acid Reflux)
"chest pain, difficulty swallowing, regurgitation, sour taste, heartburn",GERD (Acid Reflux)
"chest pain, difficulty swallowing, sour taste, heartburn",GERD (Acid Reflux)
"heartburn, regurgitation, difficulty swallowing",GERD (Acid Reflux)
"sour taste, regurgitation, heartburn, difficulty swallowing",GERD (Acid Reflux)
"difficulty swallowing, sour taste, heartburn, chest pain",GERD (Acid Reflux)
"vomiting, nausea, fever, diarrhea, abdominal cramps",Food Poisoning
"vomiting, fever, abdominal cramps, nausea, diarrhea",Food Poisoning
"vomiting, diarrhea, nausea, fever, abdominal cramps",Food Poisoning
"nausea, abdominal cramps, fever, diarrhea, vomiting",Food Poisoning
"abdominal cramps, vomiting, diarrhea, nausea",Food Poisoning
"abdominal cramps, nausea, fever, vomiting, diarrhea",Food Poisoning
"vomiting, nausea, fever",Food Poisoning
"diarrhea, vomiting, fever, abdominal cramps, nausea",Food Poisoning
"abdominal cramps, vomiting, diarrhea",Food Poisoning
"abdominal cramps, nausea, fever, diarrhea",Food Poisoning
"vomiting, abdominal cramps, diarrhea, fever, nausea",Food Poisoning
"fever, diarrhea, nausea",Food Poisoning
"nausea, vomiting, fever",Food Poisoning
"fever, abdominal cramps, nausea, diarrhea, vomiting",Food Poisoning
"diarrhea, fever, abdominal cramps, nausea, vomiting",Food Poisoning
"nausea, fever, diarrhea",Food Poisoning
"vomiting, abdominal cramps, diarrhea",Food Poisoning
"abdominal cramps, vomiting, nausea",Food Poisoning
"diarrhea, fever, vomiting, abdominal cramps, nausea",Food Poisoning
"nausea, diarrhea, fever",Food Poisoning
"loss of balance, dizziness, vomiting, spinning sensation",Vertigo
"nausea, spinning sensation, loss of balance, dizziness, vomiting",Vertigo
"spinning sensation, dizziness, loss of balance",Vertigo
"loss of balance, vomiting, nausea, spinning sensation, dizziness",Vertigo
"dizziness, loss of balance, vomiting",Vertigo
"dizziness, vomiting, nausea, loss of balance",Vertigo
"spinning sensation, nausea, loss of balance, vomiting",Vertigo
"loss of balance, vomiting, dizziness, nausea",Vertigo
"nausea, spinning sensation, dizziness, vomiting, loss of balance",Vertigo
"nausea, dizziness, vomiting",Vertigo
"nausea, spinning sensation, dizziness, loss of balance, vomiting",Vertigo
"vomiting, nausea, loss of balance, spinning sensation",Vertigo
"dizziness, nausea, loss of balance, vomiting, spinning sensation",Vertigo
"spinning sensation, nausea, loss of balance",Vertigo
"vomiting, dizziness, spinning sensation, nausea, loss of balance",Vertigo
"spinning sensation, loss of balance, vomiting, nausea, dizziness",Vertigo
"loss of balance, nausea, vomiting",Vertigo
"vomiting, loss of balance, dizziness, spinning sensation",Vertigo
"nausea, spinning sensation, dizziness, loss of balance",Vertigo
"vomiting, nausea, loss of balance, dizziness",Vertigo
"numbness, tingling, muscle weakness, pain radiating down leg, lower back pain",Sciatica
"muscle weakness, lower back pain, numbness, pain radiating down leg, tingling",Sciatica
"lower back pain, pain radiating down leg, tingling, muscle weakness, numbness",Sciatica
"pain radiating down leg, tingling, muscle weakness, numbness, lower back pain",Sciatica
"lower back pain, muscle weakness, numbness, tingling",Sciatica
"muscle weakness, tingling, numbness",Sciatica
"tingling, lower back pain, numbness",Sciatica
"muscle weakness, tingling, pain radiating down leg",Sciatica
"tingling, muscle weakness, numbness, lower back pain",Sciatica
"muscle weakness, pain radiating down leg, tingling, numbness",Sciatica
"numbness, lower back pain, muscle weakness",Sciatica
"pain radiating down leg, muscle weakness, tingling, numbness",Sciatica
"tingling, pain radiating down leg, lower back pain",Sciatica
"muscle weakness, pain radiating down leg, numbness, tingling, lower back pain",Sciatica
"pain radiating down leg, tingling, numbness",Sciatica
"lower back pain, muscle weakness, tingling, numbness",Sciatica
"lower back pain, tingling, pain radiating down leg, numbness",Sciatica
"numbness, pain radiating down leg, lower back pain, muscle weakness",Sciatica
"pain radiating down leg, muscle weakness, numbness",Sciatica
"muscle weakness, numbness, lower back pain, pain radiating down leg, tingling",Sciatica
"tingling in fingers, pain in wrist, hand numbness",Carpal Tunnel Syndrome
"pain in wrist, tingling in fingers, hand numbness, weakness in hand",Carpal Tunnel Syndrome
"weakness in hand, pain in wrist, hand numbness",Carpal Tunnel Syndrome
"tingling in fingers, weakness in hand, hand numbness",Carpal Tunnel Syndrome
"pain in wrist, hand numbness, tingling in fingers",Carpal Tunnel Syndrome
"pain in wrist, weakness in hand, tingling in fingers, hand numbness",Carpal Tunnel Syndrome
"weakness in hand, hand numbness, pain in wrist, tingling in fingers",Carpal Tunnel Syndrome
"hand numbness, weakness in hand, tingling in fingers",Carpal Tunnel Syndrome
"pain in wrist, weakness in hand, hand numbness, tingling in fingers",Carpal Tunnel Syndrome
"hand numbness, pain in wrist, weakness in hand, tingling in fingers",Carpal Tunnel Syndrome
"pain in wrist, hand numbness, weakness in hand",Carpal Tunnel Syndrome
"weakness in hand, pain in wrist, hand numbness",Carpal Tunnel Syndrome
"weakness in hand, pain in wrist, hand numbness",Carpal Tunnel Syndrome
"pain in wrist, tingling in fingers, weakness in hand",Carpal Tunnel Syndrome
"pain in wrist, hand numbness, tingling in fingers",Carpal Tunnel Syndrome
"weakness in hand, hand numbness, tingling in fingers, pain in wrist",Carpal Tunnel Syndrome
"weakness in hand, pain in wrist, tingling in fingers, hand numbness",Carpal Tunnel Syndrome
"tingling in fingers, weakness in hand, pain in wrist, hand numbness",Carpal Tunnel Syndrome
"hand numbness, pain in wrist, tingling in fingers",Carpal Tunnel Syndrome
"weakness in hand, tingling in fingers, pain in wrist, hand numbness",Carpal Tunnel Syndrome
"elbow pain, pain when lifting, tenderness in elbow, weak grip",Tennis Elbow
"pain when lifting, weak grip, tenderness in elbow",Tennis Elbow
"weak grip, pain when lifting, elbow pain",Tennis Elbow
"tenderness in elbow, elbow pain, weak grip, pain when lifting",Tennis Elbow
"weak grip, elbow pain, pain when lifting, tenderness in elbow",Tennis Elbow
"pain when lifting, tenderness in elbow, weak grip",Tennis Elbow
"weak grip, elbow pain, tenderness in elbow, pain when lifting",Tennis Elbow
"tenderness in elbow, elbow pain, weak grip, pain when lifting",Tennis Elbow
"tenderness in elbow, pain when lifting, weak grip, elbow pain",Tennis Elbow
"elbow pain, tenderness in elbow, pain when lifting",Tennis Elbow
"elbow pain, pain when lifting, tenderness in elbow, weak grip",Tennis Elbow
"weak grip, tenderness in elbow, elbow pain, pain when lifting",Tennis Elbow
"pain when lifting, elbow pain, tenderness in elbow",Tennis Elbow
"tenderness in elbow, pain when lifting, elbow pain",Tennis Elbow
"elbow pain, pain when lifting, weak grip",Tennis Elbow
"pain when lifting, tenderness in elbow, weak grip, elbow pain",Tennis Elbow
"tenderness in elbow, elbow pain, pain when lifting, weak grip",Tennis Elbow
"elbow pain, pain when lifting, weak grip, tenderness in elbow",Tennis Elbow
"pain when lifting, tenderness in elbow, elbow pain",Tennis Elbow
"tenderness in elbow, pain when lifting, weak grip",Tennis Elbow
"difficulty walking, heel pain, pain in morning",Plantar Fasciitis
"heel pain, pain in morning, foot pain, difficulty walking",Plantar Fasciitis
"difficulty walking, foot pain, heel pain",Plantar Fasciitis
"difficulty walking, foot pain, pain in morning, heel pain",Plantar Fasciitis
"difficulty walking, foot pain, heel pain, pain in morning",Plantar Fasciitis
"heel pain, difficulty walking, foot pain, pain in morning",Plantar Fasciitis
"difficulty walking, foot pain, pain in morning, heel pain",Plantar Fasciitis
"foot pain, pain in morning, difficulty walking, heel pain",Plantar Fasciitis
"difficulty walking, foot pain, pain in morning",Plantar Fasciitis
"heel pain, difficulty walking, foot pain, pain in morning",Plantar Fasciitis
"difficulty walking, pain in morning, heel pain, foot pain",Plantar Fasciitis
"pain in morning, foot pain, difficulty walking",Plantar Fasciitis
"difficulty walking, heel pain, pain in morning, foot pain",Plantar Fasciitis
"difficulty walking, pain in morning, foot pain, heel pain",Plantar Fasciitis
"foot pain, heel pain, difficulty walking",Plantar Fasciitis
"foot pain, difficulty walking, heel pain, pain in morning",Plantar Fasciitis
"foot pain, pain in morning, heel pain, difficulty walking",Plantar Fasciitis
"heel pain, foot pain, pain in morning, difficulty walking",Plantar Fasciitis
"difficulty walking, pain in morning, heel pain, foot pain",Plantar Fasciitis
"difficulty walking, heel pain, foot pain, pain in morning",Plantar Fasciitis
"limited range of motion, sudden joint pain, redness, warmth in joint, swelling",Gout
"sudden joint pain, warmth in joint, redness, swelling, limited range of motion",Gout
"limited range of motion, warmth in joint, redness",Gout
"warmth in joint, limited range of motion, redness, sudden joint pain",Gout
"limited range of motion, warmth in joint, sudden joint pain, redness",Gout
"swelling, redness, sudden joint pain",Gout
"sudden joint pain, limited range of motion, warmth in joint, redness, swelling",Gout
"sudden joint pain, swelling, limited range of motion, redness, warmth in joint",Gout
"redness, swelling, warmth in joint",Gout
"sudden joint pain, swelling, limited range of motion",Gout
"limited range of motion, swelling, sudden joint pain, warmth in joint, redness",Gout
"limited range of motion, warmth in joint, redness, swelling, sudden joint pain",Gout
"swelling, redness, warmth in joint, limited range of motion",Gout
"redness, swelling, warmth in joint, sudden joint pain",Gout
"sudden joint pain, limited range of motion, redness, warmth in joint",Gout
"sudden joint pain, warmth in joint, swelling",Gout
"limited range of motion, swelling, sudden joint pain, warmth in joint",Gout
"swelling, limited range of motion, sudden joint pain, redness",Gout
"limited range of motion, sudden joint pain, warmth in joint",Gout
"redness, limited range of motion, swelling",Gout
"itching, leg pain, heavy legs, swelling, visible twisted veins",Varicose Veins
"visible twisted veins, itching, leg pain, heavy legs",Varicose Veins
"leg pain, swelling, visible twisted veins",Varicose Veins
"itching, visible twisted veins, heavy legs, leg pain",Varicose Veins
"visible twisted veins, heavy legs, leg pain, itching",Varicose Veins
"leg pain, heavy legs, swelling",Varicose Veins
"heavy legs, swelling, leg pain, visible twisted veins",Varicose Veins
"visible twisted veins, swelling, heavy legs, itching, leg pain",Varicose Veins
"itching, swelling, visible twisted veins",Varicose Veins
"leg pain, swelling, heavy legs",Varicose Veins
"itching, swelling, heavy legs, leg pain",Varicose Veins
"visible twisted veins, leg pain, itching",Varicose Veins
"heavy legs, leg pain, swelling, itching, visible twisted veins",Varicose Veins
"leg pain, itching, swelling, heavy legs",Varicose Veins
"swelling, heavy legs, itching, visible twisted veins",Varicose Veins
"leg pain, itching, swelling, heavy legs",Varicose Veins
"leg pain, visible twisted veins, itching, swelling, heavy legs",Varicose Veins
"itching, visible twisted veins, heavy legs, leg pain, swelling",Varicose Veins
"leg pain, itching, swelling",Varicose Veins
"swelling, leg pain, itching, visible twisted veins",Varicose Veins
